ENTIDAD,NOM_ENT,MUN,NOM_MUN,LOC,NOM_LOC,AGEB,MZA,P15YM_AN,GRAPROES,Mun,Loc,Ageb,Manza,Key
31,Yucatán,79,Tekax,1,Tekax de Álvaro Obregón,25,1,7,9.8,079,0001,0025,001,3107900010025001
31,Yucatán,79,Tekax,1,Tekax de Álvaro Obregón,25,2,6,8.04,079,0001,0025,002,3107900010025002
31,Yucatán,79,Tekax,1,Tekax de Álvaro Obregón,25,3,4,10.09,079,0001,0025,003,3107900010025003
31,Yucatán,79,Tekax,1,Tekax de Álvaro Obregón,25,4,7,10.19,079,0001,0025,004,3107900010025004
31,Yucatán,79,Tekax,1,Tekax de Álvaro Obregón,25,5,,9.76,079,0001,0025,005,3107900010025005
31,Yucatán,79,Tekax,1,Tekax de Álvaro Obregón,25,6,4,8.43,079,0001,0025,006,3107900010025006
31,Yucatán,79,Tekax,1,Tekax de Álvaro Obregón,25,7,,9.14,079,0001,0025,007,3107900010025007
31,Yucatán,79,Tekax,1,Tekax de Álvaro Obregón,25,8,,10.05,079,0001,0025,008,3107900010025008
31,Yucatán,79,Tekax,1,Tekax de Álvaro Obregón,25,9,3,10.13,079,0001,0025,009,3107900010025009
31,Yucatán,79,Tekax,1,Tekax de Álvaro Obregón,25,10,8,9.84,079,0001,0025,010,3107900010025010
31,Yucatán,79,Tekax,1,Tekax de Álvaro Obregón,25,11,3,8.7,079,0001,0025,011,3107900010025011
31,Yucatán,79,Tekax,1,Tekax de Álvaro Obregón,25,12,6,10.23,079,0001,0025,012,3107900010025012
31,Yucatán,79,Tekax,1,Tekax de Álvaro Obregón,25,13,4,9.5,079,0001,0025,013,3107900010025013
31,Yucatán,79,Tekax,1,Tekax de Álvaro Obregón,25,14,8,8.68,079,0001,0025,014,3107900010025014
31,Yucatán,79,Tekax,1,Tekax de Álvaro Obregón,25,15,,8.47,079,0001,0025,015,3107900010025015
31,Yucatán,79,Tekax,1,Tekax de Álvaro Obregón,25,16,5,8.96,079,0001,0025,016,3107900010025016
31,Yucatán,79,Tekax,1,Tekax de Álvaro Obregón,25,17,5,6.82,079,0001,0025,017,3107900010025017
31,Yucatán,79,Tekax,1,Tekax de Álvaro Obregón,25,18,,10.12,079,0001,0025,018,3107900010025018
31,Yucatán,79,Tekax,1,Tekax de Álvaro Obregón,25,19,4,9.69,079,0001,0025,019,3107900010025019
31,Yucatán,79,Tekax,1,Tekax de Álvaro Obregón,25,20,4,10.19,079,0001,0025,020,3107900010025020
31,Yucatán,79,Tekax,1,Tekax de Álvaro Obregón,25,21,,8.34,079,0001,0025,021,3107900010025021
31,Yucatán,79,Tekax,1,Tekax de Álvaro Obregón,25,22,,10.54,079,0001,0025,022,3107900010025022
31,Yucatán,79,Tekax,1,Tekax de Álvaro Obregón,25,23,0,11.21,079,0001,0025,023,3107900010025023
31,Yucatán,79,Tekax,1,Tekax de Álvaro Obregón,25,24,3,8.74,079,0001,0025,024,3107900010025024
31,Yucatán,79,Tekax,1,Tekax de Álvaro Obregón,25,25,4,9.47,079,0001,0025,025,3107900010025025
31,Yucatán,79,Tekax,1,Tekax de Álvaro Obregón,25,26,8,8.67,079,0001,0025,026,3107900010025026
31,Yucatán,79,Tekax,1,Tekax de Álvaro Obregón,25,27,3,9.87,079,0001,0025,027,3107900010025027
31,Yucatán,79,Tekax,1,Tekax de Álvaro Obregón,25,28,,8.79,079,0001,0025,028,3107900010025028
31,Yucatán,79,Tekax,1,Tekax de Álvaro Obregón,25,29,5,7.44,079,0001,0025,029,3107900010025029
31,Yucatán,79,Tekax,1,Tekax de Álvaro Obregón,25,30,3,8.31,079,0001,0025,030,3107900010025030
31,Yucatán,79,Tekax,1,Tekax de Álvaro Obregón,25,31,7,8.05,079,0001,0025,031,3107900010025031
31,Yucatán,79,Tekax,1,Tekax de Álvaro Obregón,25,32,8,8.54,079,0001,0025,032,3107900010025032
31,Yucatán,79,Tekax,1,Tekax de Álvaro Obregón,25,35,,8.53,079,0001,0025,035,3107900010025035
31,Yucatán,79,Tekax,1,Tekax de Álvaro Obregón,25,36,8,6.5,079,0001,0025,036,3107900010025036
31,Yucatán,79,Tekax,1,Tekax de Álvaro Obregón,25,37,9,6.04,079,0001,0025,037,3107900010025037
31,Yucatán,79,Tekax,1,Tekax de Álvaro Obregón,25,38,7,8.48,079,0001,0025,038,3107900010025038
31,Yucatán,79,Tekax,1,Tekax de Álvaro Obregón,25,39,,8.46,079,0001,0025,039,3107900010025039
31,Yucatán,79,Tekax,1,Tekax de Álvaro Obregón,25,40,6,8,079,0001,0025,040,3107900010025040
31,Yucatán,79,Tekax,1,Tekax de Álvaro Obregón,25,41,,8.32,079,0001,0025,041,3107900010025041
31,Yucatán,79,Tekax,1,Tekax de Álvaro Obregón,25,42,6,7.74,079,0001,0025,042,3107900010025042
31,Yucatán,79,Tekax,1,Tekax de Álvaro Obregón,25,43,7,9.95,079,0001,0025,043,3107900010025043
31,Yucatán,79,Tekax,1,Tekax de Álvaro Obregón,25,44,18,7.4,079,0001,0025,044,3107900010025044
31,Yucatán,79,Tekax,1,Tekax de Álvaro Obregón,25,47,,,079,0001,0025,047,3107900010025047
31,Yucatán,79,Tekax,1,Tekax de Álvaro Obregón,25,48,3,8,079,0001,0025,048,3107900010025048
31,Yucatán,79,Tekax,1,Tekax de Álvaro Obregón,25,49,6,7.7,079,0001,0025,049,3107900010025049
31,Yucatán,79,Tekax,1,Tekax de Álvaro Obregón,25,53,,,079,0001,0025,053,3107900010025053
31,Yucatán,79,Tekax,1,Tekax de Álvaro Obregón,25,54,0,0,079,0001,0025,054,3107900010025054
31,Yucatán,79,Tekax,1,Tekax de Álvaro Obregón,25,56,0,0,079,0001,0025,056,3107900010025056
31,Yucatán,79,Tekax,1,Tekax de Álvaro Obregón,25,57,0,0,079,0001,0025,057,3107900010025057
31,Yucatán,79,Tekax,1,Tekax de Álvaro Obregón,468,1,5,8.03,079,0001,0468,001,3107900010468001
31,Yucatán,79,Tekax,1,Tekax de Álvaro Obregón,468,2,,7.45,079,0001,0468,002,3107900010468002
31,Yucatán,79,Tekax,1,Tekax de Álvaro Obregón,468,3,7,7.61,079,0001,0468,003,3107900010468003
31,Yucatán,79,Tekax,1,Tekax de Álvaro Obregón,468,4,,8.74,079,0001,0468,004,3107900010468004
31,Yucatán,79,Tekax,1,Tekax de Álvaro Obregón,468,5,3,7.46,079,0001,0468,005,3107900010468005
31,Yucatán,79,Tekax,1,Tekax de Álvaro Obregón,468,6,4,6.84,079,0001,0468,006,3107900010468006
31,Yucatán,79,Tekax,1,Tekax de Álvaro Obregón,468,7,5,7.89,079,0001,0468,007,3107900010468007
31,Yucatán,79,Tekax,1,Tekax de Álvaro Obregón,468,8,0,0,079,0001,0468,008,3107900010468008
31,Yucatán,79,Tekax,1,Tekax de Álvaro Obregón,468,9,,,079,0001,0468,009,3107900010468009
31,Yucatán,79,Tekax,1,Tekax de Álvaro Obregón,468,10,,,079,0001,0468,010,3107900010468010
31,Yucatán,79,Tekax,1,Tekax de Álvaro Obregón,468,11,3,8.78,079,0001,0468,011,3107900010468011
31,Yucatán,79,Tekax,1,Tekax de Álvaro Obregón,468,12,,8.56,079,0001,0468,012,3107900010468012
31,Yucatán,79,Tekax,1,Tekax de Álvaro Obregón,468,13,0,8.63,079,0001,0468,013,3107900010468013
31,Yucatán,79,Tekax,1,Tekax de Álvaro Obregón,468,14,6,7.22,079,0001,0468,014,3107900010468014
31,Yucatán,79,Tekax,1,Tekax de Álvaro Obregón,468,15,3,8.9,079,0001,0468,015,3107900010468015
31,Yucatán,79,Tekax,1,Tekax de Álvaro Obregón,468,16,9,9.03,079,0001,0468,016,3107900010468016
31,Yucatán,79,Tekax,1,Tekax de Álvaro Obregón,468,17,3,8.18,079,0001,0468,017,3107900010468017
31,Yucatán,79,Tekax,1,Tekax de Álvaro Obregón,468,18,5,7.72,079,0001,0468,018,3107900010468018
31,Yucatán,79,Tekax,1,Tekax de Álvaro Obregón,468,19,11,8.47,079,0001,0468,019,3107900010468019
31,Yucatán,79,Tekax,1,Tekax de Álvaro Obregón,468,20,,,079,0001,0468,020,3107900010468020
31,Yucatán,79,Tekax,1,Tekax de Álvaro Obregón,468,21,23,7.54,079,0001,0468,021,3107900010468021
31,Yucatán,79,Tekax,1,Tekax de Álvaro Obregón,468,22,0,0,079,0001,0468,022,3107900010468022
31,Yucatán,79,Tekax,1,Tekax de Álvaro Obregón,468,23,,10.31,079,0001,0468,023,3107900010468023
31,Yucatán,79,Tekax,1,Tekax de Álvaro Obregón,468,24,6,7.61,079,0001,0468,024,3107900010468024
31,Yucatán,79,Tekax,1,Tekax de Álvaro Obregón,468,25,3,7.87,079,0001,0468,025,3107900010468025
31,Yucatán,79,Tekax,1,Tekax de Álvaro Obregón,468,26,3,9.56,079,0001,0468,026,3107900010468026
31,Yucatán,79,Tekax,1,Tekax de Álvaro Obregón,468,27,0,14.08,079,0001,0468,027,3107900010468027
31,Yucatán,79,Tekax,1,Tekax de Álvaro Obregón,468,28,,11.48,079,0001,0468,028,3107900010468028
31,Yucatán,79,Tekax,1,Tekax de Álvaro Obregón,468,29,0,14.29,079,0001,0468,029,3107900010468029
31,Yucatán,79,Tekax,1,Tekax de Álvaro Obregón,468,30,0,12.18,079,0001,0468,030,3107900010468030
31,Yucatán,79,Tekax,1,Tekax de Álvaro Obregón,468,31,0,10.63,079,0001,0468,031,3107900010468031
31,Yucatán,79,Tekax,1,Tekax de Álvaro Obregón,468,32,0,14.21,079,0001,0468,032,3107900010468032
31,Yucatán,79,Tekax,1,Tekax de Álvaro Obregón,468,33,,,079,0001,0468,033,3107900010468033
31,Yucatán,79,Tekax,1,Tekax de Álvaro Obregón,468,34,,,079,0001,0468,034,3107900010468034
31,Yucatán,79,Tekax,1,Tekax de Álvaro Obregón,468,35,,9.11,079,0001,0468,035,3107900010468035
31,Yucatán,79,Tekax,1,Tekax de Álvaro Obregón,468,37,,7.17,079,0001,0468,037,3107900010468037
31,Yucatán,79,Tekax,1,Tekax de Álvaro Obregón,468,38,0,10.67,079,0001,0468,038,3107900010468038
31,Yucatán,79,Tekax,1,Tekax de Álvaro Obregón,468,39,0,10.39,079,0001,0468,039,3107900010468039
31,Yucatán,79,Tekax,1,Tekax de Álvaro Obregón,468,40,0,10.81,079,0001,0468,040,3107900010468040
31,Yucatán,79,Tekax,1,Tekax de Álvaro Obregón,468,41,,8.19,079,0001,0468,041,3107900010468041
31,Yucatán,79,Tekax,1,Tekax de Álvaro Obregón,468,42,,7.43,079,0001,0468,042,3107900010468042
31,Yucatán,79,Tekax,1,Tekax de Álvaro Obregón,468,43,,8,079,0001,0468,043,3107900010468043
31,Yucatán,79,Tekax,1,Tekax de Álvaro Obregón,468,44,4,8.04,079,0001,0468,044,3107900010468044
31,Yucatán,79,Tekax,1,Tekax de Álvaro Obregón,468,45,0,12.17,079,0001,0468,045,3107900010468045
31,Yucatán,79,Tekax,1,Tekax de Álvaro Obregón,468,46,,12.73,079,0001,0468,046,3107900010468046
31,Yucatán,79,Tekax,1,Tekax de Álvaro Obregón,468,47,0,12.83,079,0001,0468,047,3107900010468047
31,Yucatán,79,Tekax,1,Tekax de Álvaro Obregón,468,48,0,14.45,079,0001,0468,048,3107900010468048
31,Yucatán,79,Tekax,1,Tekax de Álvaro Obregón,468,49,0,15.86,079,0001,0468,049,3107900010468049
31,Yucatán,79,Tekax,1,Tekax de Álvaro Obregón,468,51,,,079,0001,0468,051,3107900010468051
31,Yucatán,79,Tekax,1,Tekax de Álvaro Obregón,468,52,0,11,079,0001,0468,052,3107900010468052
31,Yucatán,79,Tekax,1,Tekax de Álvaro Obregón,468,53,,6.75,079,0001,0468,053,3107900010468053
31,Yucatán,79,Tekax,1,Tekax de Álvaro Obregón,468,54,0,11.37,079,0001,0468,054,3107900010468054
31,Yucatán,79,Tekax,1,Tekax de Álvaro Obregón,468,800,0,0,079,0001,0468,800,3107900010468800
31,Yucatán,79,Tekax,1,Tekax de Álvaro Obregón,472,1,6,9.13,079,0001,0472,001,3107900010472001
31,Yucatán,79,Tekax,1,Tekax de Álvaro Obregón,472,2,5,8.62,079,0001,0472,002,3107900010472002
31,Yucatán,79,Tekax,1,Tekax de Álvaro Obregón,472,3,9,9.21,079,0001,0472,003,3107900010472003
31,Yucatán,79,Tekax,1,Tekax de Álvaro Obregón,472,4,5,9.63,079,0001,0472,004,3107900010472004
31,Yucatán,79,Tekax,1,Tekax de Álvaro Obregón,472,5,,10.24,079,0001,0472,005,3107900010472005
31,Yucatán,79,Tekax,1,Tekax de Álvaro Obregón,472,6,3,9.38,079,0001,0472,006,3107900010472006
31,Yucatán,79,Tekax,1,Tekax de Álvaro Obregón,472,7,14,7.49,079,0001,0472,007,3107900010472007
31,Yucatán,79,Tekax,1,Tekax de Álvaro Obregón,472,8,,10.02,079,0001,0472,008,3107900010472008
31,Yucatán,79,Tekax,1,Tekax de Álvaro Obregón,472,9,5,8.54,079,0001,0472,009,3107900010472009
31,Yucatán,79,Tekax,1,Tekax de Álvaro Obregón,472,10,3,8.95,079,0001,0472,010,3107900010472010
31,Yucatán,79,Tekax,1,Tekax de Álvaro Obregón,472,11,3,9.64,079,0001,0472,011,3107900010472011
31,Yucatán,79,Tekax,1,Tekax de Álvaro Obregón,472,12,5,8.42,079,0001,0472,012,3107900010472012
31,Yucatán,79,Tekax,1,Tekax de Álvaro Obregón,472,13,,9.17,079,0001,0472,013,3107900010472013
31,Yucatán,79,Tekax,1,Tekax de Álvaro Obregón,472,14,8,8.53,079,0001,0472,014,3107900010472014
31,Yucatán,79,Tekax,1,Tekax de Álvaro Obregón,472,15,3,9.29,079,0001,0472,015,3107900010472015
31,Yucatán,79,Tekax,1,Tekax de Álvaro Obregón,472,16,,8.62,079,0001,0472,016,3107900010472016
31,Yucatán,79,Tekax,1,Tekax de Álvaro Obregón,472,17,5,6.73,079,0001,0472,017,3107900010472017
31,Yucatán,79,Tekax,1,Tekax de Álvaro Obregón,472,18,4,9.08,079,0001,0472,018,3107900010472018
31,Yucatán,79,Tekax,1,Tekax de Álvaro Obregón,472,19,4,9.14,079,0001,0472,019,3107900010472019
31,Yucatán,79,Tekax,1,Tekax de Álvaro Obregón,472,20,8,7.87,079,0001,0472,020,3107900010472020
31,Yucatán,79,Tekax,1,Tekax de Álvaro Obregón,472,21,13,7.15,079,0001,0472,021,3107900010472021
31,Yucatán,79,Tekax,1,Tekax de Álvaro Obregón,472,22,9,7.02,079,0001,0472,022,3107900010472022
31,Yucatán,79,Tekax,1,Tekax de Álvaro Obregón,472,23,0,0,079,0001,0472,023,3107900010472023
31,Yucatán,79,Tekax,1,Tekax de Álvaro Obregón,472,24,,10.68,079,0001,0472,024,3107900010472024
31,Yucatán,79,Tekax,1,Tekax de Álvaro Obregón,472,25,,7.04,079,0001,0472,025,3107900010472025
31,Yucatán,79,Tekax,1,Tekax de Álvaro Obregón,472,26,,8.67,079,0001,0472,026,3107900010472026
31,Yucatán,79,Tekax,1,Tekax de Álvaro Obregón,472,27,,8.32,079,0001,0472,027,3107900010472027
31,Yucatán,79,Tekax,1,Tekax de Álvaro Obregón,472,28,,10.75,079,0001,0472,028,3107900010472028
31,Yucatán,79,Tekax,1,Tekax de Álvaro Obregón,472,29,7,6.03,079,0001,0472,029,3107900010472029
31,Yucatán,79,Tekax,1,Tekax de Álvaro Obregón,472,30,3,9.36,079,0001,0472,030,3107900010472030
31,Yucatán,79,Tekax,1,Tekax de Álvaro Obregón,472,31,0,0,079,0001,0472,031,3107900010472031
31,Yucatán,79,Tekax,1,Tekax de Álvaro Obregón,472,32,,7.47,079,0001,0472,032,3107900010472032
31,Yucatán,79,Tekax,1,Tekax de Álvaro Obregón,472,33,,8.12,079,0001,0472,033,3107900010472033
31,Yucatán,79,Tekax,1,Tekax de Álvaro Obregón,472,35,,9.85,079,0001,0472,035,3107900010472035
31,Yucatán,79,Tekax,1,Tekax de Álvaro Obregón,472,36,,,079,0001,0472,036,3107900010472036
31,Yucatán,79,Tekax,1,Tekax de Álvaro Obregón,472,37,15,6.89,079,0001,0472,037,3107900010472037
31,Yucatán,79,Tekax,1,Tekax de Álvaro Obregón,472,38,17,6.55,079,0001,0472,038,3107900010472038
31,Yucatán,79,Tekax,1,Tekax de Álvaro Obregón,472,39,,8.65,079,0001,0472,039,3107900010472039
31,Yucatán,79,Tekax,1,Tekax de Álvaro Obregón,472,40,,6.79,079,0001,0472,040,3107900010472040
31,Yucatán,79,Tekax,1,Tekax de Álvaro Obregón,472,41,,8.76,079,0001,0472,041,3107900010472041
31,Yucatán,79,Tekax,1,Tekax de Álvaro Obregón,472,42,7,7.38,079,0001,0472,042,3107900010472042
31,Yucatán,79,Tekax,1,Tekax de Álvaro Obregón,472,43,5,6,079,0001,0472,043,3107900010472043
31,Yucatán,79,Tekax,1,Tekax de Álvaro Obregón,472,44,8,6.99,079,0001,0472,044,3107900010472044
31,Yucatán,79,Tekax,1,Tekax de Álvaro Obregón,472,45,7,7.27,079,0001,0472,045,3107900010472045
31,Yucatán,79,Tekax,1,Tekax de Álvaro Obregón,472,46,,7.83,079,0001,0472,046,3107900010472046
31,Yucatán,79,Tekax,1,Tekax de Álvaro Obregón,472,52,0,11.44,079,0001,0472,052,3107900010472052
31,Yucatán,79,Tekax,1,Tekax de Álvaro Obregón,472,53,0,9.22,079,0001,0472,053,3107900010472053
31,Yucatán,79,Tekax,1,Tekax de Álvaro Obregón,472,54,0,8.2,079,0001,0472,054,3107900010472054
31,Yucatán,79,Tekax,1,Tekax de Álvaro Obregón,472,55,3,5.77,079,0001,0472,055,3107900010472055
31,Yucatán,79,Tekax,1,Tekax de Álvaro Obregón,472,56,5,5.42,079,0001,0472,056,3107900010472056
31,Yucatán,79,Tekax,1,Tekax de Álvaro Obregón,472,57,0,8.1,079,0001,0472,057,3107900010472057
31,Yucatán,79,Tekax,1,Tekax de Álvaro Obregón,472,58,4,5.52,079,0001,0472,058,3107900010472058
31,Yucatán,79,Tekax,1,Tekax de Álvaro Obregón,472,59,0,0,079,0001,0472,059,3107900010472059
31,Yucatán,79,Tekax,1,Tekax de Álvaro Obregón,487,1,4,8.78,079,0001,0487,001,3107900010487001
31,Yucatán,79,Tekax,1,Tekax de Álvaro Obregón,487,2,0,10.26,079,0001,0487,002,3107900010487002
31,Yucatán,79,Tekax,1,Tekax de Álvaro Obregón,487,3,4,10.63,079,0001,0487,003,3107900010487003
31,Yucatán,79,Tekax,1,Tekax de Álvaro Obregón,487,4,,8.66,079,0001,0487,004,3107900010487004
31,Yucatán,79,Tekax,1,Tekax de Álvaro Obregón,487,5,,8.24,079,0001,0487,005,3107900010487005
31,Yucatán,79,Tekax,1,Tekax de Álvaro Obregón,487,6,4,9.05,079,0001,0487,006,3107900010487006
31,Yucatán,79,Tekax,1,Tekax de Álvaro Obregón,487,7,12,7.99,079,0001,0487,007,3107900010487007
31,Yucatán,79,Tekax,1,Tekax de Álvaro Obregón,487,8,,9.1,079,0001,0487,008,3107900010487008
31,Yucatán,79,Tekax,1,Tekax de Álvaro Obregón,487,9,,10.66,079,0001,0487,009,3107900010487009
31,Yucatán,79,Tekax,1,Tekax de Álvaro Obregón,487,10,4,9.35,079,0001,0487,010,3107900010487010
31,Yucatán,79,Tekax,1,Tekax de Álvaro Obregón,487,11,6,9.1,079,0001,0487,011,3107900010487011
31,Yucatán,79,Tekax,1,Tekax de Álvaro Obregón,487,12,3,9.39,079,0001,0487,012,3107900010487012
31,Yucatán,79,Tekax,1,Tekax de Álvaro Obregón,487,13,4,8.36,079,0001,0487,013,3107900010487013
31,Yucatán,79,Tekax,1,Tekax de Álvaro Obregón,487,14,0,0,079,0001,0487,014,3107900010487014
31,Yucatán,79,Tekax,1,Tekax de Álvaro Obregón,487,15,,7.73,079,0001,0487,015,3107900010487015
31,Yucatán,79,Tekax,1,Tekax de Álvaro Obregón,487,16,8,8.54,079,0001,0487,016,3107900010487016
31,Yucatán,79,Tekax,1,Tekax de Álvaro Obregón,487,17,,10.56,079,0001,0487,017,3107900010487017
31,Yucatán,79,Tekax,1,Tekax de Álvaro Obregón,487,18,0,9.41,079,0001,0487,018,3107900010487018
31,Yucatán,79,Tekax,1,Tekax de Álvaro Obregón,487,19,,9.9,079,0001,0487,019,3107900010487019
31,Yucatán,79,Tekax,1,Tekax de Álvaro Obregón,487,20,,5.86,079,0001,0487,020,3107900010487020
31,Yucatán,79,Tekax,1,Tekax de Álvaro Obregón,487,21,13,6.75,079,0001,0487,021,3107900010487021
31,Yucatán,79,Tekax,1,Tekax de Álvaro Obregón,487,22,3,9.24,079,0001,0487,022,3107900010487022
31,Yucatán,79,Tekax,1,Tekax de Álvaro Obregón,487,23,8,7.06,079,0001,0487,023,3107900010487023
31,Yucatán,79,Tekax,1,Tekax de Álvaro Obregón,487,24,,10.46,079,0001,0487,024,3107900010487024
31,Yucatán,79,Tekax,1,Tekax de Álvaro Obregón,487,25,,10.76,079,0001,0487,025,3107900010487025
31,Yucatán,79,Tekax,1,Tekax de Álvaro Obregón,487,26,0,11.96,079,0001,0487,026,3107900010487026
31,Yucatán,79,Tekax,1,Tekax de Álvaro Obregón,487,27,8,7.36,079,0001,0487,027,3107900010487027
31,Yucatán,79,Tekax,1,Tekax de Álvaro Obregón,487,29,4,7.95,079,0001,0487,029,3107900010487029
31,Yucatán,79,Tekax,1,Tekax de Álvaro Obregón,487,30,10,5.73,079,0001,0487,030,3107900010487030
31,Yucatán,79,Tekax,1,Tekax de Álvaro Obregón,487,31,11,8.1,079,0001,0487,031,3107900010487031
31,Yucatán,79,Tekax,1,Tekax de Álvaro Obregón,487,32,6,7.14,079,0001,0487,032,3107900010487032
31,Yucatán,79,Tekax,1,Tekax de Álvaro Obregón,487,33,0,0,079,0001,0487,033,3107900010487033
31,Yucatán,79,Tekax,1,Tekax de Álvaro Obregón,487,35,4,7.89,079,0001,0487,035,3107900010487035
31,Yucatán,79,Tekax,1,Tekax de Álvaro Obregón,487,36,4,6.58,079,0001,0487,036,3107900010487036
31,Yucatán,79,Tekax,1,Tekax de Álvaro Obregón,487,37,,8.09,079,0001,0487,037,3107900010487037
31,Yucatán,79,Tekax,1,Tekax de Álvaro Obregón,487,38,0,8.89,079,0001,0487,038,3107900010487038
31,Yucatán,79,Tekax,1,Tekax de Álvaro Obregón,487,39,,8.15,079,0001,0487,039,3107900010487039
31,Yucatán,79,Tekax,1,Tekax de Álvaro Obregón,487,40,3,7.75,079,0001,0487,040,3107900010487040
31,Yucatán,79,Tekax,1,Tekax de Álvaro Obregón,487,41,6,6.67,079,0001,0487,041,3107900010487041
31,Yucatán,79,Tekax,1,Tekax de Álvaro Obregón,487,42,0,12.17,079,0001,0487,042,3107900010487042
31,Yucatán,79,Tekax,1,Tekax de Álvaro Obregón,487,43,0,6.85,079,0001,0487,043,3107900010487043
31,Yucatán,79,Tekax,1,Tekax de Álvaro Obregón,487,44,0,0,079,0001,0487,044,3107900010487044
31,Yucatán,79,Tekax,1,Tekax de Álvaro Obregón,487,46,,,079,0001,0487,046,3107900010487046
31,Yucatán,79,Tekax,1,Tekax de Álvaro Obregón,487,47,,7.43,079,0001,0487,047,3107900010487047
31,Yucatán,79,Tekax,1,Tekax de Álvaro Obregón,487,48,0,0,079,0001,0487,048,3107900010487048
31,Yucatán,79,Tekax,1,Tekax de Álvaro Obregón,487,49,,,079,0001,0487,049,3107900010487049
31,Yucatán,79,Tekax,1,Tekax de Álvaro Obregón,487,50,0,0,079,0001,0487,050,3107900010487050
31,Yucatán,79,Tekax,1,Tekax de Álvaro Obregón,487,800,,,079,0001,0487,800,3107900010487800
31,Yucatán,79,Tekax,1,Tekax de Álvaro Obregón,491,1,4,11.11,079,0001,0491,001,3107900010491001
31,Yucatán,79,Tekax,1,Tekax de Álvaro Obregón,491,2,0,9,079,0001,0491,002,3107900010491002
31,Yucatán,79,Tekax,1,Tekax de Álvaro Obregón,491,3,,,079,0001,0491,003,3107900010491003
31,Yucatán,79,Tekax,1,Tekax de Álvaro Obregón,491,4,0,0,079,0001,0491,004,3107900010491004
31,Yucatán,79,Tekax,1,Tekax de Álvaro Obregón,491,5,,,079,0001,0491,005,3107900010491005
31,Yucatán,79,Tekax,1,Tekax de Álvaro Obregón,491,6,,,079,0001,0491,006,3107900010491006
31,Yucatán,79,Tekax,1,Tekax de Álvaro Obregón,491,7,,10.38,079,0001,0491,007,3107900010491007
31,Yucatán,79,Tekax,1,Tekax de Álvaro Obregón,491,8,,10.26,079,0001,0491,008,3107900010491008
31,Yucatán,79,Tekax,1,Tekax de Álvaro Obregón,491,9,,11.66,079,0001,0491,009,3107900010491009
31,Yucatán,79,Tekax,1,Tekax de Álvaro Obregón,491,10,,11.31,079,0001,0491,010,3107900010491010
31,Yucatán,79,Tekax,1,Tekax de Álvaro Obregón,491,11,,10.43,079,0001,0491,011,3107900010491011
31,Yucatán,79,Tekax,1,Tekax de Álvaro Obregón,491,12,,12.05,079,0001,0491,012,3107900010491012
31,Yucatán,79,Tekax,1,Tekax de Álvaro Obregón,491,13,0,13,079,0001,0491,013,3107900010491013
31,Yucatán,79,Tekax,1,Tekax de Álvaro Obregón,491,14,0,0,079,0001,0491,014,3107900010491014
31,Yucatán,79,Tekax,1,Tekax de Álvaro Obregón,491,16,0,13.07,079,0001,0491,016,3107900010491016
31,Yucatán,79,Tekax,1,Tekax de Álvaro Obregón,491,17,,12.53,079,0001,0491,017,3107900010491017
31,Yucatán,79,Tekax,1,Tekax de Álvaro Obregón,491,18,3,10.2,079,0001,0491,018,3107900010491018
31,Yucatán,79,Tekax,1,Tekax de Álvaro Obregón,491,19,0,11.47,079,0001,0491,019,3107900010491019
31,Yucatán,79,Tekax,1,Tekax de Álvaro Obregón,491,20,,10.15,079,0001,0491,020,3107900010491020
31,Yucatán,79,Tekax,1,Tekax de Álvaro Obregón,491,21,7,8.74,079,0001,0491,021,3107900010491021
31,Yucatán,79,Tekax,1,Tekax de Álvaro Obregón,491,22,,9.29,079,0001,0491,022,3107900010491022
31,Yucatán,79,Tekax,1,Tekax de Álvaro Obregón,491,23,,8.79,079,0001,0491,023,3107900010491023
31,Yucatán,79,Tekax,1,Tekax de Álvaro Obregón,491,24,3,10.2,079,0001,0491,024,3107900010491024
31,Yucatán,79,Tekax,1,Tekax de Álvaro Obregón,491,25,,10.72,079,0001,0491,025,3107900010491025
31,Yucatán,79,Tekax,1,Tekax de Álvaro Obregón,491,26,,10.44,079,0001,0491,026,3107900010491026
31,Yucatán,79,Tekax,1,Tekax de Álvaro Obregón,491,27,3,10.83,079,0001,0491,027,3107900010491027
31,Yucatán,79,Tekax,1,Tekax de Álvaro Obregón,491,28,6,10.13,079,0001,0491,028,3107900010491028
31,Yucatán,79,Tekax,1,Tekax de Álvaro Obregón,491,29,4,9.93,079,0001,0491,029,3107900010491029
31,Yucatán,79,Tekax,1,Tekax de Álvaro Obregón,491,30,,10.14,079,0001,0491,030,3107900010491030
31,Yucatán,79,Tekax,1,Tekax de Álvaro Obregón,491,31,13,5.23,079,0001,0491,031,3107900010491031
31,Yucatán,79,Tekax,1,Tekax de Álvaro Obregón,491,32,0,11.65,079,0001,0491,032,3107900010491032
31,Yucatán,79,Tekax,1,Tekax de Álvaro Obregón,491,33,0,0,079,0001,0491,033,3107900010491033
31,Yucatán,79,Tekax,1,Tekax de Álvaro Obregón,491,34,0,0,079,0001,0491,034,3107900010491034
31,Yucatán,79,Tekax,1,Tekax de Álvaro Obregón,491,36,,8.85,079,0001,0491,036,3107900010491036
31,Yucatán,79,Tekax,1,Tekax de Álvaro Obregón,491,37,,10.23,079,0001,0491,037,3107900010491037
31,Yucatán,79,Tekax,1,Tekax de Álvaro Obregón,491,38,5,7.52,079,0001,0491,038,3107900010491038
31,Yucatán,79,Tekax,1,Tekax de Álvaro Obregón,491,40,0,0,079,0001,0491,040,3107900010491040
31,Yucatán,79,Tekax,1,Tekax de Álvaro Obregón,491,43,,5.29,079,0001,0491,043,3107900010491043
31,Yucatán,79,Tekax,1,Tekax de Álvaro Obregón,504,1,,9.55,079,0001,0504,001,3107900010504001
31,Yucatán,79,Tekax,1,Tekax de Álvaro Obregón,504,2,6,8.56,079,0001,0504,002,3107900010504002
31,Yucatán,79,Tekax,1,Tekax de Álvaro Obregón,504,3,,11.5,079,0001,0504,003,3107900010504003
31,Yucatán,79,Tekax,1,Tekax de Álvaro Obregón,504,5,4,9.84,079,0001,0504,005,3107900010504005
31,Yucatán,79,Tekax,1,Tekax de Álvaro Obregón,504,7,4,8.94,079,0001,0504,007,3107900010504007
31,Yucatán,79,Tekax,1,Tekax de Álvaro Obregón,504,8,6,7.23,079,0001,0504,008,3107900010504008
31,Yucatán,79,Tekax,1,Tekax de Álvaro Obregón,504,9,0,0,079,0001,0504,009,3107900010504009
31,Yucatán,79,Tekax,1,Tekax de Álvaro Obregón,504,10,3,9.06,079,0001,0504,010,3107900010504010
31,Yucatán,79,Tekax,1,Tekax de Álvaro Obregón,504,11,7,9,079,0001,0504,011,3107900010504011
31,Yucatán,79,Tekax,1,Tekax de Álvaro Obregón,504,12,4,9.38,079,0001,0504,012,3107900010504012
31,Yucatán,79,Tekax,1,Tekax de Álvaro Obregón,504,13,,8,079,0001,0504,013,3107900010504013
31,Yucatán,79,Tekax,1,Tekax de Álvaro Obregón,504,14,,10.93,079,0001,0504,014,3107900010504014
31,Yucatán,79,Tekax,1,Tekax de Álvaro Obregón,504,15,,10.73,079,0001,0504,015,3107900010504015
31,Yucatán,79,Tekax,1,Tekax de Álvaro Obregón,504,16,6,8,079,0001,0504,016,3107900010504016
31,Yucatán,79,Tekax,1,Tekax de Álvaro Obregón,504,18,,10.14,079,0001,0504,018,3107900010504018
31,Yucatán,79,Tekax,1,Tekax de Álvaro Obregón,504,19,4,8.63,079,0001,0504,019,3107900010504019
31,Yucatán,79,Tekax,1,Tekax de Álvaro Obregón,504,20,0,7.79,079,0001,0504,020,3107900010504020
31,Yucatán,79,Tekax,1,Tekax de Álvaro Obregón,504,21,8,6.08,079,0001,0504,021,3107900010504021
31,Yucatán,79,Tekax,1,Tekax de Álvaro Obregón,504,22,5,9.15,079,0001,0504,022,3107900010504022
31,Yucatán,79,Tekax,1,Tekax de Álvaro Obregón,504,23,7,6.94,079,0001,0504,023,3107900010504023
31,Yucatán,79,Tekax,1,Tekax de Álvaro Obregón,504,24,,9.82,079,0001,0504,024,3107900010504024
31,Yucatán,79,Tekax,1,Tekax de Álvaro Obregón,504,25,,9.8,079,0001,0504,025,3107900010504025
31,Yucatán,79,Tekax,1,Tekax de Álvaro Obregón,504,26,,11.98,079,0001,0504,026,3107900010504026
31,Yucatán,79,Tekax,1,Tekax de Álvaro Obregón,504,27,4,8.9,079,0001,0504,027,3107900010504027
31,Yucatán,79,Tekax,1,Tekax de Álvaro Obregón,504,28,3,8.48,079,0001,0504,028,3107900010504028
31,Yucatán,79,Tekax,1,Tekax de Álvaro Obregón,504,29,10,6.79,079,0001,0504,029,3107900010504029
31,Yucatán,79,Tekax,1,Tekax de Álvaro Obregón,504,30,7,8.96,079,0001,0504,030,3107900010504030
31,Yucatán,79,Tekax,1,Tekax de Álvaro Obregón,504,31,,8.33,079,0001,0504,031,3107900010504031
31,Yucatán,79,Tekax,1,Tekax de Álvaro Obregón,504,32,5,8.08,079,0001,0504,032,3107900010504032
31,Yucatán,79,Tekax,1,Tekax de Álvaro Obregón,504,33,,4.87,079,0001,0504,033,3107900010504033
31,Yucatán,79,Tekax,1,Tekax de Álvaro Obregón,504,34,0,14.44,079,0001,0504,034,3107900010504034
31,Yucatán,79,Tekax,1,Tekax de Álvaro Obregón,504,35,0,12.95,079,0001,0504,035,3107900010504035
31,Yucatán,79,Tekax,1,Tekax de Álvaro Obregón,504,36,,7.5,079,0001,0504,036,3107900010504036
31,Yucatán,79,Tekax,1,Tekax de Álvaro Obregón,504,37,,,079,0001,0504,037,3107900010504037
31,Yucatán,79,Tekax,1,Tekax de Álvaro Obregón,504,38,0,10.27,079,0001,0504,038,3107900010504038
31,Yucatán,79,Tekax,1,Tekax de Álvaro Obregón,504,39,,,079,0001,0504,039,3107900010504039
31,Yucatán,79,Tekax,1,Tekax de Álvaro Obregón,504,40,,,079,0001,0504,040,3107900010504040
31,Yucatán,79,Tekax,1,Tekax de Álvaro Obregón,504,41,0,0,079,0001,0504,041,3107900010504041
31,Yucatán,79,Tekax,1,Tekax de Álvaro Obregón,504,42,,,079,0001,0504,042,3107900010504042
31,Yucatán,79,Tekax,1,Tekax de Álvaro Obregón,504,43,,,079,0001,0504,043,3107900010504043
31,Yucatán,79,Tekax,1,Tekax de Álvaro Obregón,519,1,0,11.62,079,0001,0519,001,3107900010519001
31,Yucatán,79,Tekax,1,Tekax de Álvaro Obregón,519,2,0,11.65,079,0001,0519,002,3107900010519002
31,Yucatán,79,Tekax,1,Tekax de Álvaro Obregón,519,3,0,11.08,079,0001,0519,003,3107900010519003
31,Yucatán,79,Tekax,1,Tekax de Álvaro Obregón,519,4,,11.74,079,0001,0519,004,3107900010519004
31,Yucatán,79,Tekax,1,Tekax de Álvaro Obregón,519,5,,9.76,079,0001,0519,005,3107900010519005
31,Yucatán,79,Tekax,1,Tekax de Álvaro Obregón,519,6,0,12.41,079,0001,0519,006,3107900010519006
31,Yucatán,79,Tekax,1,Tekax de Álvaro Obregón,519,7,,8.5,079,0001,0519,007,3107900010519007
31,Yucatán,79,Tekax,1,Tekax de Álvaro Obregón,519,8,6,9.57,079,0001,0519,008,3107900010519008
31,Yucatán,79,Tekax,1,Tekax de Álvaro Obregón,519,9,,10.44,079,0001,0519,009,3107900010519009
31,Yucatán,79,Tekax,1,Tekax de Álvaro Obregón,519,10,,11.68,079,0001,0519,010,3107900010519010
31,Yucatán,79,Tekax,1,Tekax de Álvaro Obregón,519,11,0,11.31,079,0001,0519,011,3107900010519011
31,Yucatán,79,Tekax,1,Tekax de Álvaro Obregón,519,12,0,10.9,079,0001,0519,012,3107900010519012
31,Yucatán,79,Tekax,1,Tekax de Álvaro Obregón,519,13,,9.6,079,0001,0519,013,3107900010519013
31,Yucatán,79,Tekax,1,Tekax de Álvaro Obregón,519,14,4,9.28,079,0001,0519,014,3107900010519014
31,Yucatán,79,Tekax,1,Tekax de Álvaro Obregón,519,15,4,11.53,079,0001,0519,015,3107900010519015
31,Yucatán,79,Tekax,1,Tekax de Álvaro Obregón,519,16,,10.85,079,0001,0519,016,3107900010519016
31,Yucatán,79,Tekax,1,Tekax de Álvaro Obregón,519,17,0,12.08,079,0001,0519,017,3107900010519017
31,Yucatán,79,Tekax,1,Tekax de Álvaro Obregón,519,18,0,11.68,079,0001,0519,018,3107900010519018
31,Yucatán,79,Tekax,1,Tekax de Álvaro Obregón,519,19,,10.42,079,0001,0519,019,3107900010519019
31,Yucatán,79,Tekax,1,Tekax de Álvaro Obregón,519,20,,11.5,079,0001,0519,020,3107900010519020
31,Yucatán,79,Tekax,1,Tekax de Álvaro Obregón,519,21,7,6.67,079,0001,0519,021,3107900010519021
31,Yucatán,79,Tekax,1,Tekax de Álvaro Obregón,519,22,4,9.83,079,0001,0519,022,3107900010519022
31,Yucatán,79,Tekax,1,Tekax de Álvaro Obregón,519,23,0,11.54,079,0001,0519,023,3107900010519023
31,Yucatán,79,Tekax,1,Tekax de Álvaro Obregón,519,24,0,12.58,079,0001,0519,024,3107900010519024
31,Yucatán,79,Tekax,1,Tekax de Álvaro Obregón,519,25,,11.18,079,0001,0519,025,3107900010519025
31,Yucatán,79,Tekax,1,Tekax de Álvaro Obregón,519,26,4,8.42,079,0001,0519,026,3107900010519026
31,Yucatán,79,Tekax,1,Tekax de Álvaro Obregón,519,27,7,8.35,079,0001,0519,027,3107900010519027
31,Yucatán,79,Tekax,1,Tekax de Álvaro Obregón,519,28,,7.64,079,0001,0519,028,3107900010519028
31,Yucatán,79,Tekax,1,Tekax de Álvaro Obregón,523,1,5,9.94,079,0001,0523,001,3107900010523001
31,Yucatán,79,Tekax,1,Tekax de Álvaro Obregón,523,2,5,8.11,079,0001,0523,002,3107900010523002
31,Yucatán,79,Tekax,1,Tekax de Álvaro Obregón,523,3,5,9.02,079,0001,0523,003,3107900010523003
31,Yucatán,79,Tekax,1,Tekax de Álvaro Obregón,523,4,3,9.73,079,0001,0523,004,3107900010523004
31,Yucatán,79,Tekax,1,Tekax de Álvaro Obregón,523,5,,9.42,079,0001,0523,005,3107900010523005
31,Yucatán,79,Tekax,1,Tekax de Álvaro Obregón,523,6,,8.59,079,0001,0523,006,3107900010523006
31,Yucatán,79,Tekax,1,Tekax de Álvaro Obregón,523,7,,11.98,079,0001,0523,007,3107900010523007
31,Yucatán,79,Tekax,1,Tekax de Álvaro Obregón,523,8,4,8.85,079,0001,0523,008,3107900010523008
31,Yucatán,79,Tekax,1,Tekax de Álvaro Obregón,523,9,3,8.59,079,0001,0523,009,3107900010523009
31,Yucatán,79,Tekax,1,Tekax de Álvaro Obregón,523,10,,,079,0001,0523,010,3107900010523010
31,Yucatán,79,Tekax,1,Tekax de Álvaro Obregón,523,11,4,7.84,079,0001,0523,011,3107900010523011
31,Yucatán,79,Tekax,1,Tekax de Álvaro Obregón,523,12,3,7.6,079,0001,0523,012,3107900010523012
31,Yucatán,79,Tekax,1,Tekax de Álvaro Obregón,523,13,,7.63,079,0001,0523,013,3107900010523013
31,Yucatán,79,Tekax,1,Tekax de Álvaro Obregón,523,14,3,11.38,079,0001,0523,014,3107900010523014
31,Yucatán,79,Tekax,1,Tekax de Álvaro Obregón,523,15,,9.76,079,0001,0523,015,3107900010523015
31,Yucatán,79,Tekax,1,Tekax de Álvaro Obregón,523,16,4,8.68,079,0001,0523,016,3107900010523016
31,Yucatán,79,Tekax,1,Tekax de Álvaro Obregón,523,17,7,8.67,079,0001,0523,017,3107900010523017
31,Yucatán,79,Tekax,1,Tekax de Álvaro Obregón,523,18,6,8.05,079,0001,0523,018,3107900010523018
31,Yucatán,79,Tekax,1,Tekax de Álvaro Obregón,523,19,7,7.18,079,0001,0523,019,3107900010523019
31,Yucatán,79,Tekax,1,Tekax de Álvaro Obregón,523,20,4,9.4,079,0001,0523,020,3107900010523020
31,Yucatán,79,Tekax,1,Tekax de Álvaro Obregón,523,21,3,9.02,079,0001,0523,021,3107900010523021
31,Yucatán,79,Tekax,1,Tekax de Álvaro Obregón,523,22,0,0,079,0001,0523,022,3107900010523022
31,Yucatán,79,Tekax,1,Tekax de Álvaro Obregón,523,23,7,8.01,079,0001,0523,023,3107900010523023
31,Yucatán,79,Tekax,1,Tekax de Álvaro Obregón,523,24,11,5.99,079,0001,0523,024,3107900010523024
31,Yucatán,79,Tekax,1,Tekax de Álvaro Obregón,523,25,6,9.07,079,0001,0523,025,3107900010523025
31,Yucatán,79,Tekax,1,Tekax de Álvaro Obregón,538,1,10,7.81,079,0001,0538,001,3107900010538001
31,Yucatán,79,Tekax,1,Tekax de Álvaro Obregón,538,2,,9.02,079,0001,0538,002,3107900010538002
31,Yucatán,79,Tekax,1,Tekax de Álvaro Obregón,538,3,6,8.31,079,0001,0538,003,3107900010538003
31,Yucatán,79,Tekax,1,Tekax de Álvaro Obregón,538,4,,8.89,079,0001,0538,004,3107900010538004
31,Yucatán,79,Tekax,1,Tekax de Álvaro Obregón,538,5,3,8.77,079,0001,0538,005,3107900010538005
31,Yucatán,79,Tekax,1,Tekax de Álvaro Obregón,538,6,,10.05,079,0001,0538,006,3107900010538006
31,Yucatán,79,Tekax,1,Tekax de Álvaro Obregón,538,7,0,0,079,0001,0538,007,3107900010538007
31,Yucatán,79,Tekax,1,Tekax de Álvaro Obregón,538,8,,9.67,079,0001,0538,008,3107900010538008
31,Yucatán,79,Tekax,1,Tekax de Álvaro Obregón,538,9,12,8.23,079,0001,0538,009,3107900010538009
31,Yucatán,79,Tekax,1,Tekax de Álvaro Obregón,538,10,0,13.07,079,0001,0538,010,3107900010538010
31,Yucatán,79,Tekax,1,Tekax de Álvaro Obregón,538,11,3,9.61,079,0001,0538,011,3107900010538011
31,Yucatán,79,Tekax,1,Tekax de Álvaro Obregón,538,12,0,10.1,079,0001,0538,012,3107900010538012
31,Yucatán,79,Tekax,1,Tekax de Álvaro Obregón,538,13,3,9.38,079,0001,0538,013,3107900010538013
31,Yucatán,79,Tekax,1,Tekax de Álvaro Obregón,538,14,4,8.46,079,0001,0538,014,3107900010538014
31,Yucatán,79,Tekax,1,Tekax de Álvaro Obregón,538,15,5,9.04,079,0001,0538,015,3107900010538015
31,Yucatán,79,Tekax,1,Tekax de Álvaro Obregón,538,16,6,9.72,079,0001,0538,016,3107900010538016
31,Yucatán,79,Tekax,1,Tekax de Álvaro Obregón,538,17,5,9.25,079,0001,0538,017,3107900010538017
31,Yucatán,79,Tekax,1,Tekax de Álvaro Obregón,538,18,7,8.66,079,0001,0538,018,3107900010538018
31,Yucatán,79,Tekax,1,Tekax de Álvaro Obregón,538,19,,11.18,079,0001,0538,019,3107900010538019
31,Yucatán,79,Tekax,1,Tekax de Álvaro Obregón,538,20,7,8.82,079,0001,0538,020,3107900010538020
31,Yucatán,79,Tekax,1,Tekax de Álvaro Obregón,538,21,,11.32,079,0001,0538,021,3107900010538021
31,Yucatán,79,Tekax,1,Tekax de Álvaro Obregón,538,22,0,10.09,079,0001,0538,022,3107900010538022
31,Yucatán,79,Tekax,1,Tekax de Álvaro Obregón,538,23,6,6.62,079,0001,0538,023,3107900010538023
31,Yucatán,79,Tekax,1,Tekax de Álvaro Obregón,538,24,0,9.79,079,0001,0538,024,3107900010538024
31,Yucatán,79,Tekax,1,Tekax de Álvaro Obregón,538,25,10,5.96,079,0001,0538,025,3107900010538025
31,Yucatán,79,Tekax,1,Tekax de Álvaro Obregón,538,26,5,6.05,079,0001,0538,026,3107900010538026
31,Yucatán,79,Tekax,1,Tekax de Álvaro Obregón,538,27,,7.9,079,0001,0538,027,3107900010538027
31,Yucatán,79,Tekax,1,Tekax de Álvaro Obregón,538,28,0,12.14,079,0001,0538,028,3107900010538028
31,Yucatán,79,Tekax,1,Tekax de Álvaro Obregón,538,29,0,0,079,0001,0538,029,3107900010538029
31,Yucatán,79,Tekax,1,Tekax de Álvaro Obregón,542,1,,7.22,079,0001,0542,001,3107900010542001
31,Yucatán,79,Tekax,1,Tekax de Álvaro Obregón,542,2,18,6.19,079,0001,0542,002,3107900010542002
31,Yucatán,79,Tekax,1,Tekax de Álvaro Obregón,542,3,3,9.45,079,0001,0542,003,3107900010542003
31,Yucatán,79,Tekax,1,Tekax de Álvaro Obregón,542,4,0,10.56,079,0001,0542,004,3107900010542004
31,Yucatán,79,Tekax,1,Tekax de Álvaro Obregón,542,5,4,7.37,079,0001,0542,005,3107900010542005
31,Yucatán,79,Tekax,1,Tekax de Álvaro Obregón,542,6,10,7.77,079,0001,0542,006,3107900010542006
31,Yucatán,79,Tekax,1,Tekax de Álvaro Obregón,542,7,5,8.53,079,0001,0542,007,3107900010542007
31,Yucatán,79,Tekax,1,Tekax de Álvaro Obregón,542,8,4,6.41,079,0001,0542,008,3107900010542008
31,Yucatán,79,Tekax,1,Tekax de Álvaro Obregón,542,9,3,8.27,079,0001,0542,009,3107900010542009
31,Yucatán,79,Tekax,1,Tekax de Álvaro Obregón,542,10,9,7.69,079,0001,0542,010,3107900010542010
31,Yucatán,79,Tekax,1,Tekax de Álvaro Obregón,542,11,,8.45,079,0001,0542,011,3107900010542011
31,Yucatán,79,Tekax,1,Tekax de Álvaro Obregón,542,12,7,7.1,079,0001,0542,012,3107900010542012
31,Yucatán,79,Tekax,1,Tekax de Álvaro Obregón,542,13,5,8.45,079,0001,0542,013,3107900010542013
31,Yucatán,79,Tekax,1,Tekax de Álvaro Obregón,542,14,4,8.11,079,0001,0542,014,3107900010542014
31,Yucatán,79,Tekax,1,Tekax de Álvaro Obregón,542,15,3,7.51,079,0001,0542,015,3107900010542015
31,Yucatán,79,Tekax,1,Tekax de Álvaro Obregón,542,16,5,8.38,079,0001,0542,016,3107900010542016
31,Yucatán,79,Tekax,1,Tekax de Álvaro Obregón,542,17,,9.38,079,0001,0542,017,3107900010542017
31,Yucatán,79,Tekax,1,Tekax de Álvaro Obregón,542,18,5,9.66,079,0001,0542,018,3107900010542018
31,Yucatán,79,Tekax,1,Tekax de Álvaro Obregón,542,19,6,8.46,079,0001,0542,019,3107900010542019
31,Yucatán,79,Tekax,1,Tekax de Álvaro Obregón,542,20,8,7.56,079,0001,0542,020,3107900010542020
31,Yucatán,79,Tekax,1,Tekax de Álvaro Obregón,542,21,,7.6,079,0001,0542,021,3107900010542021
31,Yucatán,79,Tekax,1,Tekax de Álvaro Obregón,542,22,15,7.24,079,0001,0542,022,3107900010542022
31,Yucatán,79,Tekax,1,Tekax de Álvaro Obregón,542,23,6,7.42,079,0001,0542,023,3107900010542023
31,Yucatán,79,Tekax,1,Tekax de Álvaro Obregón,542,24,9,7.7,079,0001,0542,024,3107900010542024
31,Yucatán,79,Tekax,1,Tekax de Álvaro Obregón,542,25,11,6.41,079,0001,0542,025,3107900010542025
31,Yucatán,79,Tekax,1,Tekax de Álvaro Obregón,542,26,12,6.25,079,0001,0542,026,3107900010542026
31,Yucatán,79,Tekax,1,Tekax de Álvaro Obregón,542,27,,7.47,079,0001,0542,027,3107900010542027
31,Yucatán,79,Tekax,1,Tekax de Álvaro Obregón,542,28,4,7.33,079,0001,0542,028,3107900010542028
31,Yucatán,79,Tekax,1,Tekax de Álvaro Obregón,542,29,8,8.21,079,0001,0542,029,3107900010542029
31,Yucatán,79,Tekax,1,Tekax de Álvaro Obregón,542,30,5,7.52,079,0001,0542,030,3107900010542030
31,Yucatán,79,Tekax,1,Tekax de Álvaro Obregón,542,31,5,9,079,0001,0542,031,3107900010542031
31,Yucatán,79,Tekax,1,Tekax de Álvaro Obregón,542,32,7,7.22,079,0001,0542,032,3107900010542032
31,Yucatán,79,Tekax,1,Tekax de Álvaro Obregón,542,33,5,8.45,079,0001,0542,033,3107900010542033
31,Yucatán,79,Tekax,1,Tekax de Álvaro Obregón,542,34,9,7.19,079,0001,0542,034,3107900010542034
31,Yucatán,79,Tekax,1,Tekax de Álvaro Obregón,542,35,0,7.72,079,0001,0542,035,3107900010542035
31,Yucatán,79,Tekax,1,Tekax de Álvaro Obregón,542,36,,8.63,079,0001,0542,036,3107900010542036
31,Yucatán,79,Tekax,1,Tekax de Álvaro Obregón,542,37,3,7.64,079,0001,0542,037,3107900010542037
31,Yucatán,79,Tekax,1,Tekax de Álvaro Obregón,542,38,,4.73,079,0001,0542,038,3107900010542038
31,Yucatán,79,Tekax,1,Tekax de Álvaro Obregón,542,39,6,6.39,079,0001,0542,039,3107900010542039
31,Yucatán,79,Tekax,1,Tekax de Álvaro Obregón,542,40,0,7.98,079,0001,0542,040,3107900010542040
31,Yucatán,79,Tekax,1,Tekax de Álvaro Obregón,542,41,6,7.45,079,0001,0542,041,3107900010542041
31,Yucatán,79,Tekax,1,Tekax de Álvaro Obregón,542,42,20,6.23,079,0001,0542,042,3107900010542042
31,Yucatán,79,Tekax,1,Tekax de Álvaro Obregón,542,43,4,7.71,079,0001,0542,043,3107900010542043
31,Yucatán,79,Tekax,1,Tekax de Álvaro Obregón,542,44,5,7.37,079,0001,0542,044,3107900010542044
31,Yucatán,79,Tekax,1,Tekax de Álvaro Obregón,542,45,3,7.82,079,0001,0542,045,3107900010542045
31,Yucatán,79,Tekax,1,Tekax de Álvaro Obregón,542,46,5,8.48,079,0001,0542,046,3107900010542046
31,Yucatán,79,Tekax,1,Tekax de Álvaro Obregón,542,47,,8.4,079,0001,0542,047,3107900010542047
31,Yucatán,79,Tekax,1,Tekax de Álvaro Obregón,542,48,9,7.19,079,0001,0542,048,3107900010542048
31,Yucatán,79,Tekax,1,Tekax de Álvaro Obregón,542,49,,8.49,079,0001,0542,049,3107900010542049
31,Yucatán,79,Tekax,1,Tekax de Álvaro Obregón,557,1,4,9.04,079,0001,0557,001,3107900010557001
31,Yucatán,79,Tekax,1,Tekax de Álvaro Obregón,557,2,3,8.96,079,0001,0557,002,3107900010557002
31,Yucatán,79,Tekax,1,Tekax de Álvaro Obregón,557,3,6,8.23,079,0001,0557,003,3107900010557003
31,Yucatán,79,Tekax,1,Tekax de Álvaro Obregón,557,4,5,9.08,079,0001,0557,004,3107900010557004
31,Yucatán,79,Tekax,1,Tekax de Álvaro Obregón,557,5,8,6.26,079,0001,0557,005,3107900010557005
31,Yucatán,79,Tekax,1,Tekax de Álvaro Obregón,557,6,,8.04,079,0001,0557,006,3107900010557006
31,Yucatán,79,Tekax,1,Tekax de Álvaro Obregón,557,7,5,8.5,079,0001,0557,007,3107900010557007
31,Yucatán,79,Tekax,1,Tekax de Álvaro Obregón,557,8,12,7.11,079,0001,0557,008,3107900010557008
31,Yucatán,79,Tekax,1,Tekax de Álvaro Obregón,557,9,7,8.71,079,0001,0557,009,3107900010557009
31,Yucatán,79,Tekax,1,Tekax de Álvaro Obregón,557,10,3,8.42,079,0001,0557,010,3107900010557010
31,Yucatán,79,Tekax,1,Tekax de Álvaro Obregón,557,11,,,079,0001,0557,011,3107900010557011
31,Yucatán,79,Tekax,1,Tekax de Álvaro Obregón,557,12,,9.6,079,0001,0557,012,3107900010557012
31,Yucatán,79,Tekax,1,Tekax de Álvaro Obregón,557,13,5,8.11,079,0001,0557,013,3107900010557013
31,Yucatán,79,Tekax,1,Tekax de Álvaro Obregón,557,14,,9.85,079,0001,0557,014,3107900010557014
31,Yucatán,79,Tekax,1,Tekax de Álvaro Obregón,557,15,7,6.92,079,0001,0557,015,3107900010557015
31,Yucatán,79,Tekax,1,Tekax de Álvaro Obregón,557,16,5,6.95,079,0001,0557,016,3107900010557016
31,Yucatán,79,Tekax,1,Tekax de Álvaro Obregón,557,17,7,7.59,079,0001,0557,017,3107900010557017
31,Yucatán,79,Tekax,1,Tekax de Álvaro Obregón,557,18,,8.62,079,0001,0557,018,3107900010557018
31,Yucatán,79,Tekax,1,Tekax de Álvaro Obregón,557,19,3,8.43,079,0001,0557,019,3107900010557019
31,Yucatán,79,Tekax,1,Tekax de Álvaro Obregón,557,20,,8.58,079,0001,0557,020,3107900010557020
31,Yucatán,79,Tekax,1,Tekax de Álvaro Obregón,557,21,6,9.4,079,0001,0557,021,3107900010557021
31,Yucatán,79,Tekax,1,Tekax de Álvaro Obregón,557,22,7,10.07,079,0001,0557,022,3107900010557022
31,Yucatán,79,Tekax,1,Tekax de Álvaro Obregón,557,23,15,7.2,079,0001,0557,023,3107900010557023
31,Yucatán,79,Tekax,1,Tekax de Álvaro Obregón,557,24,4,8.88,079,0001,0557,024,3107900010557024
31,Yucatán,79,Tekax,1,Tekax de Álvaro Obregón,557,25,5,8.88,079,0001,0557,025,3107900010557025
31,Yucatán,79,Tekax,1,Tekax de Álvaro Obregón,557,26,3,10.23,079,0001,0557,026,3107900010557026
31,Yucatán,79,Tekax,1,Tekax de Álvaro Obregón,557,27,8,9.14,079,0001,0557,027,3107900010557027
31,Yucatán,79,Tekax,1,Tekax de Álvaro Obregón,557,28,6,8.79,079,0001,0557,028,3107900010557028
31,Yucatán,79,Tekax,1,Tekax de Álvaro Obregón,557,29,,8.14,079,0001,0557,029,3107900010557029
31,Yucatán,79,Tekax,1,Tekax de Álvaro Obregón,557,30,10,7.33,079,0001,0557,030,3107900010557030
31,Yucatán,79,Tekax,1,Tekax de Álvaro Obregón,557,31,0,13.08,079,0001,0557,031,3107900010557031
31,Yucatán,79,Tekax,1,Tekax de Álvaro Obregón,557,32,6,9.11,079,0001,0557,032,3107900010557032
31,Yucatán,79,Tekax,1,Tekax de Álvaro Obregón,557,33,5,8.65,079,0001,0557,033,3107900010557033
31,Yucatán,79,Tekax,1,Tekax de Álvaro Obregón,557,34,7,9.07,079,0001,0557,034,3107900010557034
31,Yucatán,79,Tekax,1,Tekax de Álvaro Obregón,557,35,,8.77,079,0001,0557,035,3107900010557035
31,Yucatán,79,Tekax,1,Tekax de Álvaro Obregón,557,36,3,9.32,079,0001,0557,036,3107900010557036
31,Yucatán,79,Tekax,1,Tekax de Álvaro Obregón,557,37,,8.8,079,0001,0557,037,3107900010557037
31,Yucatán,79,Tekax,1,Tekax de Álvaro Obregón,557,38,6,8.07,079,0001,0557,038,3107900010557038
31,Yucatán,79,Tekax,1,Tekax de Álvaro Obregón,557,39,,,079,0001,0557,039,3107900010557039
31,Yucatán,79,Tekax,1,Tekax de Álvaro Obregón,557,40,,9.63,079,0001,0557,040,3107900010557040
31,Yucatán,79,Tekax,1,Tekax de Álvaro Obregón,557,41,0,12.25,079,0001,0557,041,3107900010557041
31,Yucatán,79,Tekax,1,Tekax de Álvaro Obregón,557,42,,10.77,079,0001,0557,042,3107900010557042
31,Yucatán,79,Tekax,1,Tekax de Álvaro Obregón,557,43,,,079,0001,0557,043,3107900010557043
31,Yucatán,79,Tekax,1,Tekax de Álvaro Obregón,557,44,5,7.55,079,0001,0557,044,3107900010557044
31,Yucatán,79,Tekax,1,Tekax de Álvaro Obregón,557,46,,10.03,079,0001,0557,046,3107900010557046
31,Yucatán,79,Tekax,1,Tekax de Álvaro Obregón,557,47,,,079,0001,0557,047,3107900010557047
31,Yucatán,79,Tekax,1,Tekax de Álvaro Obregón,557,48,0,0,079,0001,0557,048,3107900010557048
31,Yucatán,79,Tekax,1,Tekax de Álvaro Obregón,580,1,4,6.93,079,0001,0580,001,3107900010580001
31,Yucatán,79,Tekax,1,Tekax de Álvaro Obregón,580,2,9,7.26,079,0001,0580,002,3107900010580002
31,Yucatán,79,Tekax,1,Tekax de Álvaro Obregón,580,5,,9.32,079,0001,0580,005,3107900010580005
31,Yucatán,79,Tekax,1,Tekax de Álvaro Obregón,580,6,,8.66,079,0001,0580,006,3107900010580006
31,Yucatán,79,Tekax,1,Tekax de Álvaro Obregón,580,7,3,8.96,079,0001,0580,007,3107900010580007
31,Yucatán,79,Tekax,1,Tekax de Álvaro Obregón,580,10,0,10.3,079,0001,0580,010,3107900010580010
31,Yucatán,79,Tekax,1,Tekax de Álvaro Obregón,580,11,0,9.9,079,0001,0580,011,3107900010580011
31,Yucatán,79,Tekax,1,Tekax de Álvaro Obregón,580,12,0,0,079,0001,0580,012,3107900010580012
31,Yucatán,79,Tekax,1,Tekax de Álvaro Obregón,580,13,0,12.42,079,0001,0580,013,3107900010580013
31,Yucatán,79,Tekax,1,Tekax de Álvaro Obregón,580,14,0,11.31,079,0001,0580,014,3107900010580014
31,Yucatán,79,Tekax,1,Tekax de Álvaro Obregón,580,15,0,0,079,0001,0580,015,3107900010580015
31,Yucatán,79,Tekax,1,Tekax de Álvaro Obregón,580,16,,9.98,079,0001,0580,016,3107900010580016
31,Yucatán,79,Tekax,1,Tekax de Álvaro Obregón,580,17,,9.43,079,0001,0580,017,3107900010580017
31,Yucatán,79,Tekax,1,Tekax de Álvaro Obregón,580,18,0,10.95,079,0001,0580,018,3107900010580018
31,Yucatán,79,Tekax,1,Tekax de Álvaro Obregón,580,19,0,9,079,0001,0580,019,3107900010580019
31,Yucatán,79,Tekax,1,Tekax de Álvaro Obregón,580,20,0,8.26,079,0001,0580,020,3107900010580020
31,Yucatán,79,Tekax,1,Tekax de Álvaro Obregón,580,21,,10.15,079,0001,0580,021,3107900010580021
31,Yucatán,79,Tekax,1,Tekax de Álvaro Obregón,595,1,3,8.28,079,0001,0595,001,3107900010595001
31,Yucatán,79,Tekax,1,Tekax de Álvaro Obregón,595,2,0,9.74,079,0001,0595,002,3107900010595002
31,Yucatán,79,Tekax,1,Tekax de Álvaro Obregón,595,3,20,7.52,079,0001,0595,003,3107900010595003
31,Yucatán,79,Tekax,1,Tekax de Álvaro Obregón,595,4,,,079,0001,0595,004,3107900010595004
31,Yucatán,79,Tekax,1,Tekax de Álvaro Obregón,595,5,0,0,079,0001,0595,005,3107900010595005
31,Yucatán,79,Tekax,1,Tekax de Álvaro Obregón,595,6,0,0,079,0001,0595,006,3107900010595006
31,Yucatán,79,Tekax,1,Tekax de Álvaro Obregón,612,1,3,8.9,079,0001,0612,001,3107900010612001
31,Yucatán,79,Tekax,1,Tekax de Álvaro Obregón,612,3,,7,079,0001,0612,003,3107900010612003
31,Yucatán,79,Tekax,1,Tekax de Álvaro Obregón,627,1,,6.45,079,0001,0627,001,3107900010627001
31,Yucatán,79,Tekax,1,Tekax de Álvaro Obregón,627,2,,8.1,079,0001,0627,002,3107900010627002
31,Yucatán,79,Tekax,1,Tekax de Álvaro Obregón,627,3,,7,079,0001,0627,003,3107900010627003
31,Yucatán,79,Tekax,1,Tekax de Álvaro Obregón,627,4,,7.78,079,0001,0627,004,3107900010627004
31,Yucatán,79,Tekax,1,Tekax de Álvaro Obregón,627,5,,7.56,079,0001,0627,005,3107900010627005
31,Yucatán,79,Tekax,1,Tekax de Álvaro Obregón,627,6,,6.84,079,0001,0627,006,3107900010627006
31,Yucatán,79,Tekax,1,Tekax de Álvaro Obregón,627,8,,5.32,079,0001,0627,008,3107900010627008
31,Yucatán,79,Tekax,1,Tekax de Álvaro Obregón,627,9,3,7.28,079,0001,0627,009,3107900010627009
31,Yucatán,79,Tekax,1,Tekax de Álvaro Obregón,627,10,9,6.46,079,0001,0627,010,3107900010627010
31,Yucatán,79,Tekax,1,Tekax de Álvaro Obregón,627,11,0,7.22,079,0001,0627,011,3107900010627011
31,Yucatán,79,Tekax,1,Tekax de Álvaro Obregón,627,12,0,7.67,079,0001,0627,012,3107900010627012
31,Yucatán,79,Tekax,1,Tekax de Álvaro Obregón,627,13,7,6.2,079,0001,0627,013,3107900010627013
31,Yucatán,79,Tekax,1,Tekax de Álvaro Obregón,627,14,,7,079,0001,0627,014,3107900010627014
31,Yucatán,79,Tekax,1,Tekax de Álvaro Obregón,627,15,0,0,079,0001,0627,015,3107900010627015
31,Yucatán,79,Tekax,1,Tekax de Álvaro Obregón,627,16,,,079,0001,0627,016,3107900010627016
31,Yucatán,79,Tekax,1,Tekax de Álvaro Obregón,627,17,,,079,0001,0627,017,3107900010627017
31,Yucatán,79,Tekax,1,Tekax de Álvaro Obregón,627,18,,,079,0001,0627,018,3107900010627018
31,Yucatán,79,Tekax,1,Tekax de Álvaro Obregón,627,19,,,079,0001,0627,019,3107900010627019
31,Yucatán,79,Tekax,1,Tekax de Álvaro Obregón,627,20,0,0,079,0001,0627,020,3107900010627020
31,Yucatán,79,Tekax,1,Tekax de Álvaro Obregón,627,21,0,0,079,0001,0627,021,3107900010627021
31,Yucatán,79,Tekax,1,Tekax de Álvaro Obregón,627,22,,,079,0001,0627,022,3107900010627022
31,Yucatán,79,Tekax,1,Tekax de Álvaro Obregón,627,23,0,0,079,0001,0627,023,3107900010627023
31,Yucatán,79,Tekax,1,Tekax de Álvaro Obregón,627,24,,,079,0001,0627,024,3107900010627024
31,Yucatán,79,Tekax,1,Tekax de Álvaro Obregón,627,25,6,4.76,079,0001,0627,025,3107900010627025
31,Yucatán,79,Tekax,1,Tekax de Álvaro Obregón,627,26,,,079,0001,0627,026,3107900010627026
31,Yucatán,79,Tekax,1,Tekax de Álvaro Obregón,627,27,0,0,079,0001,0627,027,3107900010627027
31,Yucatán,79,Tekax,1,Tekax de Álvaro Obregón,627,28,,,079,0001,0627,028,3107900010627028
31,Yucatán,79,Tekax,1,Tekax de Álvaro Obregón,627,29,0,7.5,079,0001,0627,029,3107900010627029
31,Yucatán,79,Tekax,1,Tekax de Álvaro Obregón,627,30,3,4.21,079,0001,0627,030,3107900010627030
31,Yucatán,79,Tekax,1,Tekax de Álvaro Obregón,627,31,0,0,079,0001,0627,031,3107900010627031
31,Yucatán,79,Tekax,1,Tekax de Álvaro Obregón,627,32,,,079,0001,0627,032,3107900010627032
31,Yucatán,79,Tekax,1,Tekax de Álvaro Obregón,627,33,0,0,079,0001,0627,033,3107900010627033
31,Yucatán,79,Tekax,1,Tekax de Álvaro Obregón,627,34,0,0,079,0001,0627,034,3107900010627034
31,Yucatán,79,Tekax,1,Tekax de Álvaro Obregón,627,800,0,0,079,0001,0627,800,3107900010627800
31,Yucatán,79,Tekax,1,Tekax de Álvaro Obregón,631,1,,,079,0001,0631,001,3107900010631001
31,Yucatán,79,Tekax,1,Tekax de Álvaro Obregón,631,2,0,0,079,0001,0631,002,3107900010631002
31,Yucatán,79,Tekax,1,Tekax de Álvaro Obregón,631,3,0,10.2,079,0001,0631,003,3107900010631003
31,Yucatán,79,Tekax,1,Tekax de Álvaro Obregón,646,1,,5.4,079,0001,0646,001,3107900010646001
31,Yucatán,79,Tekax,1,Tekax de Álvaro Obregón,646,2,0,7.67,079,0001,0646,002,3107900010646002
31,Yucatán,79,Tekax,1,Tekax de Álvaro Obregón,646,3,3,7.75,079,0001,0646,003,3107900010646003
31,Yucatán,79,Tekax,1,Tekax de Álvaro Obregón,646,4,,5.85,079,0001,0646,004,3107900010646004
31,Yucatán,79,Tekax,1,Tekax de Álvaro Obregón,646,6,0,0,079,0001,0646,006,3107900010646006
31,Yucatán,79,Tekax,1,Tekax de Álvaro Obregón,646,7,,9.36,079,0001,0646,007,3107900010646007
31,Yucatán,79,Tekax,1,Tekax de Álvaro Obregón,646,8,,9,079,0001,0646,008,3107900010646008
31,Yucatán,79,Tekax,1,Tekax de Álvaro Obregón,650,1,0,8.86,079,0001,0650,001,3107900010650001
31,Yucatán,79,Tekax,1,Tekax de Álvaro Obregón,650,2,,6.14,079,0001,0650,002,3107900010650002
31,Yucatán,79,Tekax,1,Tekax de Álvaro Obregón,650,3,0,9.93,079,0001,0650,003,3107900010650003
31,Yucatán,79,Tekax,1,Tekax de Álvaro Obregón,650,4,0,0,079,0001,0650,004,3107900010650004
31,Yucatán,79,Tekax,1,Tekax de Álvaro Obregón,067A,1,,8.7,079,0001,067A,001,310790001067A001
31,Yucatán,79,Tekax,1,Tekax de Álvaro Obregón,067A,2,,9.24,079,0001,067A,002,310790001067A002
31,Yucatán,79,Tekax,1,Tekax de Álvaro Obregón,067A,3,,,079,0001,067A,003,310790001067A003
31,Yucatán,79,Tekax,1,Tekax de Álvaro Obregón,067A,4,0,9.36,079,0001,067A,004,310790001067A004
31,Yucatán,79,Tekax,1,Tekax de Álvaro Obregón,067A,5,0,0,079,0001,067A,005,310790001067A005
31,Yucatán,79,Tekax,1,Tekax de Álvaro Obregón,720,1,,9.72,079,0001,0720,001,3107900010720001
31,Yucatán,79,Tekax,1,Tekax de Álvaro Obregón,735,1,3,7.08,079,0001,0735,001,3107900010735001
31,Yucatán,79,Tekax,1,Tekax de Álvaro Obregón,735,2,,7.17,079,0001,0735,002,3107900010735002
31,Yucatán,79,Tekax,1,Tekax de Álvaro Obregón,074A,1,0,8.13,079,0001,074A,001,310790001074A001
31,Yucatán,79,Tekax,1,Tekax de Álvaro Obregón,074A,2,,,079,0001,074A,002,310790001074A002
31,Yucatán,79,Tekax,10,Kancab,684,1,9,5.7,079,0010,0684,001,3107900100684001
31,Yucatán,79,Tekax,10,Kancab,684,2,3,5.53,079,0010,0684,002,3107900100684002
31,Yucatán,79,Tekax,10,Kancab,684,3,7,6.11,079,0010,0684,003,3107900100684003
31,Yucatán,79,Tekax,10,Kancab,684,4,3,6.53,079,0010,0684,004,3107900100684004
31,Yucatán,79,Tekax,10,Kancab,684,5,8,5.12,079,0010,0684,005,3107900100684005
31,Yucatán,79,Tekax,10,Kancab,684,6,9,4.9,079,0010,0684,006,3107900100684006
31,Yucatán,79,Tekax,10,Kancab,684,7,12,5.19,079,0010,0684,007,3107900100684007
31,Yucatán,79,Tekax,10,Kancab,684,8,5,5.69,079,0010,0684,008,3107900100684008
31,Yucatán,79,Tekax,10,Kancab,684,9,4,4.91,079,0010,0684,009,3107900100684009
31,Yucatán,79,Tekax,10,Kancab,684,10,5,5.51,079,0010,0684,010,3107900100684010
31,Yucatán,79,Tekax,10,Kancab,684,11,7,5.73,079,0010,0684,011,3107900100684011
31,Yucatán,79,Tekax,10,Kancab,684,12,6,4.28,079,0010,0684,012,3107900100684012
31,Yucatán,79,Tekax,10,Kancab,684,13,14,5.8,079,0010,0684,013,3107900100684013
31,Yucatán,79,Tekax,10,Kancab,684,14,10,5.5,079,0010,0684,014,3107900100684014
31,Yucatán,79,Tekax,10,Kancab,684,15,9,5.89,079,0010,0684,015,3107900100684015
31,Yucatán,79,Tekax,10,Kancab,684,16,5,5.39,079,0010,0684,016,3107900100684016
31,Yucatán,79,Tekax,10,Kancab,684,17,0,0,079,0010,0684,017,3107900100684017
31,Yucatán,79,Tekax,10,Kancab,684,18,7,6.33,079,0010,0684,018,3107900100684018
31,Yucatán,79,Tekax,10,Kancab,684,19,3,6.07,079,0010,0684,019,3107900100684019
31,Yucatán,79,Tekax,10,Kancab,684,20,0,0,079,0010,0684,020,3107900100684020
31,Yucatán,79,Tekax,10,Kancab,684,21,17,4.92,079,0010,0684,021,3107900100684021
31,Yucatán,79,Tekax,10,Kancab,684,22,19,4.96,079,0010,0684,022,3107900100684022
31,Yucatán,79,Tekax,10,Kancab,684,23,3,6.9,079,0010,0684,023,3107900100684023
31,Yucatán,79,Tekax,10,Kancab,684,24,21,5.59,079,0010,0684,024,3107900100684024
31,Yucatán,79,Tekax,10,Kancab,684,25,20,5.13,079,0010,0684,025,3107900100684025
31,Yucatán,79,Tekax,10,Kancab,684,26,0,0,079,0010,0684,026,3107900100684026
31,Yucatán,79,Tekax,10,Kancab,684,27,5,6.17,079,0010,0684,027,3107900100684027
31,Yucatán,79,Tekax,10,Kancab,684,28,7,4.71,079,0010,0684,028,3107900100684028
31,Yucatán,79,Tekax,10,Kancab,684,29,6,3.94,079,0010,0684,029,3107900100684029
31,Yucatán,79,Tekax,10,Kancab,684,30,13,4.67,079,0010,0684,030,3107900100684030
31,Yucatán,79,Tekax,10,Kancab,684,31,6,4.95,079,0010,0684,031,3107900100684031
31,Yucatán,79,Tekax,10,Kancab,684,32,9,4.5,079,0010,0684,032,3107900100684032
31,Yucatán,79,Tekax,10,Kancab,684,33,,,079,0010,0684,033,3107900100684033
31,Yucatán,79,Tekax,10,Kancab,684,34,7,5.43,079,0010,0684,034,3107900100684034
31,Yucatán,79,Tekax,10,Kancab,684,35,,,079,0010,0684,035,3107900100684035
31,Yucatán,79,Tekax,10,Kancab,684,36,,7.33,079,0010,0684,036,3107900100684036
31,Yucatán,79,Tekax,10,Kancab,684,37,5,5.65,079,0010,0684,037,3107900100684037
31,Yucatán,79,Tekax,10,Kancab,684,38,0,0,079,0010,0684,038,3107900100684038
31,Yucatán,79,Tekax,10,Kancab,684,39,0,0,079,0010,0684,039,3107900100684039
31,Yucatán,79,Tekax,10,Kancab,684,40,3,5.42,079,0010,0684,040,3107900100684040
31,Yucatán,79,Tekax,10,Kancab,684,41,7,5.81,079,0010,0684,041,3107900100684041
31,Yucatán,79,Tekax,10,Kancab,684,42,,4.56,079,0010,0684,042,3107900100684042
31,Yucatán,79,Tekax,10,Kancab,684,43,0,0,079,0010,0684,043,3107900100684043
31,Yucatán,79,Tekax,10,Kancab,699,1,14,4.77,079,0010,0699,001,3107900100699001
31,Yucatán,79,Tekax,10,Kancab,699,2,9,5.69,079,0010,0699,002,3107900100699002
31,Yucatán,79,Tekax,10,Kancab,699,3,6,6.7,079,0010,0699,003,3107900100699003
31,Yucatán,79,Tekax,10,Kancab,699,4,17,3.71,079,0010,0699,004,3107900100699004
31,Yucatán,79,Tekax,10,Kancab,699,5,12,6.38,079,0010,0699,005,3107900100699005
31,Yucatán,79,Tekax,10,Kancab,699,6,5,5,079,0010,0699,006,3107900100699006
31,Yucatán,79,Tekax,10,Kancab,699,7,8,5.03,079,0010,0699,007,3107900100699007
31,Yucatán,79,Tekax,10,Kancab,699,8,7,4.5,079,0010,0699,008,3107900100699008
31,Yucatán,79,Tekax,10,Kancab,699,9,6,4.65,079,0010,0699,009,3107900100699009
31,Yucatán,79,Tekax,10,Kancab,699,10,,6.23,079,0010,0699,010,3107900100699010
31,Yucatán,79,Tekax,10,Kancab,699,11,6,6.32,079,0010,0699,011,3107900100699011
31,Yucatán,79,Tekax,10,Kancab,699,12,15,5.74,079,0010,0699,012,3107900100699012
31,Yucatán,79,Tekax,10,Kancab,699,13,24,6.21,079,0010,0699,013,3107900100699013
31,Yucatán,79,Tekax,10,Kancab,699,14,,5.85,079,0010,0699,014,3107900100699014
31,Yucatán,79,Tekax,10,Kancab,699,18,,,079,0010,0699,018,3107900100699018
31,Yucatán,79,Tekax,10,Kancab,699,20,,5.89,079,0010,0699,020,3107900100699020
31,Yucatán,79,Tekax,10,Kancab,699,21,13,4.84,079,0010,0699,021,3107900100699021
31,Yucatán,79,Tekax,10,Kancab,699,22,7,6.76,079,0010,0699,022,3107900100699022
31,Yucatán,79,Tekax,10,Kancab,699,23,,6,079,0010,0699,023,3107900100699023
31,Yucatán,79,Tekax,10,Kancab,699,24,5,5.58,079,0010,0699,024,3107900100699024
31,Yucatán,79,Tekax,10,Kancab,699,25,,5.26,079,0010,0699,025,3107900100699025
31,Yucatán,79,Tekax,10,Kancab,699,30,,5.06,079,0010,0699,030,3107900100699030
31,Yucatán,79,Tekax,10,Kancab,699,31,,5.55,079,0010,0699,031,3107900100699031
31,Yucatán,79,Tekax,10,Kancab,699,32,5,4.67,079,0010,0699,032,3107900100699032
31,Yucatán,79,Tekax,10,Kancab,699,33,5,5.85,079,0010,0699,033,3107900100699033
31,Yucatán,79,Tekax,10,Kancab,699,34,4,4.75,079,0010,0699,034,3107900100699034
31,Yucatán,79,Tekax,10,Kancab,699,35,4,5.16,079,0010,0699,035,3107900100699035
31,Yucatán,79,Tekax,10,Kancab,699,36,3,5.64,079,0010,0699,036,3107900100699036
31,Yucatán,79,Tekax,10,Kancab,699,37,,4.9,079,0010,0699,037,3107900100699037
31,Yucatán,79,Tekax,10,Kancab,699,38,3,3.89,079,0010,0699,038,3107900100699038
31,Yucatán,79,Tekax,10,Kancab,699,39,3,4.5,079,0010,0699,039,3107900100699039
31,Yucatán,79,Tekax,10,Kancab,699,41,,6.86,079,0010,0699,041,3107900100699041
31,Yucatán,79,Tekax,10,Kancab,699,42,0,0,079,0010,0699,042,3107900100699042
31,Yucatán,79,Tekax,10,Kancab,699,800,,,079,0010,0699,800,3107900100699800
31,Yucatán,79,Tekax,10,Kancab,754,1,,,079,0010,0754,001,3107900100754001
31,Yucatán,79,Tekax,10,Kancab,769,1,6,5.05,079,0010,0769,001,3107900100769001
